activity_name,region,neighborhood,lifestyle,cost_mad,duration_hrs,type,difficulty,rating,time_of_day,seasonal_availability,latitude,longitude,description,id
Authentic Traditional Dinner Show Experience in Marrakesh,Marrakesh,Medina,food_lover,392,3.5,food,easy,4.5,afternoon,year_round,31.586357,-7.953942,Experience the authentic flavors and culture of Marrakesh with this traditional dinner show.,1
Exclusive Cultural Monument Tour in Agadir,Agadir,Talborjt,explorer,190,1.3,culture,easy,4.0,afternoon,year_round,30.420872,-9.629857,Explore the hidden gems of Talborjt with this guided cultural monument tour.,2
Port Spa Treatment,Essaouira,Port,comfort_seeker,451,2.2,relaxation,easy,4.5,morning,spring_fall,31.479464,-9.772718,Explore the hidden gems of Port with this guided spa treatment.,3
Traditional Fine Dining Experience - Safi,Safi,Port Area,food_lover,733,2.5,food,easy,4.0,evening,year_round,32.271369,-9.246044,Experience the authentic flavors and culture of Safi with this fine dining experience.,4
Authentic Mountain Excursion Experience in Marrakesh,Marrakesh,Hivernage,explorer,366,7.4,nature,hard,3.5,afternoon,year_round,31.608547,-8.003008,Explore the hidden gems of Hivernage with this guided mountain excursion.,5
Exclusive Historic Site Exploration in Agadir,Agadir,Talborjt,explorer,158,3.2,culture,moderate,3.0,afternoon,year_round,30.422163,-9.608881,Discover the best of Agadir during this unforgettable historic site exploration.,6
Essaouira's Best Traditional Hammam,Essaouira,Port,comfort_seeker,462,1.4,relaxation,easy,4.0,morning,winter_only,31.470408,-9.803107,A must-do traditional hammam for visitors to Essaouira.,7
"Beach Lounging in Chaâba, Safi",Safi,Chaâba,comfort_seeker,139,2.7,nature,easy,3.5,afternoon,summer_only,32.25795,-9.263081,Immerse yourself in the local Chaâba area with this nature experience.,8
Marrakesh's Best Street Food Tour,Marrakesh,Medina,food_lover,290,2.3,food,easy,3.5,evening,year_round,31.670714,-7.958021,Experience the authentic flavors and culture of Marrakesh with this street food tour.,9
Talborjt Traditional Dinner Show,Agadir,Talborjt,food_lover,371,4.0,food,easy,3.5,afternoon,year_round,30.459122,-9.561618,A must-do traditional dinner show for visitors to Agadir.,10
Port Sunset Yacht Cruise,Essaouira,Port,comfort_seeker,702,2.0,nature,easy,4.0,morning,year_round,31.528696,-9.797837,A must-do sunset yacht cruise for visitors to Essaouira.,11
"Resort Day Pass in Nouvelle Ville, Safi",Safi,Nouvelle Ville,comfort_seeker,454,5.5,relaxation,easy,4.0,morning,year_round,32.29761,-9.225732,A must-do resort day pass for visitors to Safi.,12
Marrakesh's Best Food Market Exploration,Marrakesh,Medina,food_lover,155,1.6,food,easy,3.5,morning,year_round,31.627981,-7.984712,Immerse yourself in the local Medina area with this food experience.,13
Unforgettable Beach Lounging in Agadir,Agadir,Marina Bay,comfort_seeker,104,4.2,nature,easy,5.0,morning,year_round,30.438633,-9.559336,Immerse yourself in the local Marina Bay area with this nature experience.,14
Cultural Monument Tour Adventure - Borj,Essaouira,Borj,explorer,135,1.4,culture,easy,4.0,afternoon,year_round,31.536656,-9.75995,A must-do cultural monument tour for visitors to Essaouira.,15
Authentic Fine Dining Experience Experience in Safi,Safi,Nouvelle Ville,food_lover,723,2.9,food,easy,4.0,morning,year_round,32.270108,-9.213284,A must-do fine dining experience for visitors to Safi.,16
Authentic Food Market Exploration Experience in Marrakesh,Marrakesh,Gueliz,food_lover,134,1.5,food,easy,4.5,evening,year_round,31.637695,-7.986435,Discover the best of Marrakesh during this unforgettable food market exploration.,17
Traditional Hammam Adventure - Founty,Agadir,Founty,comfort_seeker,326,1.3,relaxation,easy,3.5,evening,year_round,30.439755,-9.556595,Discover the best of Agadir during this unforgettable traditional hammam.,18
Borj Cooking Class,Essaouira,Borj,food_lover,433,2.9,food,moderate,5.0,evening,year_round,31.526031,-9.761861,Immerse yourself in the local Borj area with this food experience.,19
Exclusive Traditional Hammam in Safi,Safi,Nouvelle Ville,comfort_seeker,418,1.8,relaxation,easy,4.5,afternoon,spring_fall,32.288154,-9.251326,Experience the authentic flavors and culture of Safi with this traditional hammam.,20
Marrakesh Cultural Monument Tour Discovery,Marrakesh,Mellah,explorer,133,2.0,culture,easy,4.0,afternoon,year_round,31.660925,-8.008218,Discover the best of Marrakesh during this unforgettable cultural monument tour.,21
Authentic Food Market Exploration Experience in Agadir,Agadir,Founty,food_lover,127,1.3,food,easy,4.5,evening,year_round,30.467232,-9.566988,A must-do food market exploration for visitors to Agadir.,22
Mountain Excursion Adventure - Beach,Essaouira,Beach,explorer,414,5.7,nature,hard,4.5,morning,winter_only,31.502871,-9.794682,Experience the authentic flavors and culture of Essaouira with this mountain excursion.,23
Safi Traditional Dinner Show Discovery,Safi,Nouvelle Ville,food_lover,456,3.2,food,easy,4.0,evening,summer_only,32.262936,-9.219624,A must-do traditional dinner show for visitors to Safi.,24
Authentic Traditional Hammam Experience in Marrakesh,Marrakesh,Gueliz,comfort_seeker,413,1.1,relaxation,easy,4.0,morning,year_round,31.646765,-7.967585,Discover the best of Marrakesh during this unforgettable traditional hammam.,25
Agadir's Best Beach Lounging,Agadir,Sonaba,comfort_seeker,168,2.0,nature,easy,3.0,morning,year_round,30.412681,-9.599476,Discover the best of Agadir during this unforgettable beach lounging.,26
Traditional Cooking Class - Essaouira,Essaouira,Mellah,food_lover,497,3.5,food,moderate,3.5,evening,year_round,31.541045,-9.771622,Explore the hidden gems of Mellah with this guided cooking class.,27
Safi's Best Fine Dining Experience,Safi,Beach District,food_lover,786,2.8,food,easy,3.5,morning,year_round,32.323787,-9.257584,Immerse yourself in the local Beach District area with this food experience.,28
Exclusive Spa Treatment in Marrakesh,Marrakesh,Medina,comfort_seeker,463,2.0,relaxation,easy,4.5,morning,year_round,31.61774,-7.943603,Immerse yourself in the local Medina area with this relaxation experience.,29
Authentic Cultural Monument Tour Experience in Agadir,Agadir,City Center,explorer,166,2.0,culture,easy,3.5,morning,winter_only,30.442486,-9.641872,Immerse yourself in the local City Center area with this culture experience.,30
Unforgettable Garden Tour & Tea in Essaouira,Essaouira,Port,comfort_seeker,389,2.9,relaxation,easy,4.0,evening,year_round,31.54216,-9.752674,Explore the hidden gems of Port with this guided garden tour & tea.,31
Unforgettable Garden Tour & Tea in Safi,Safi,Chaâba,comfort_seeker,271,2.6,relaxation,easy,3.5,morning,year_round,32.285194,-9.243596,Experience the authentic flavors and culture of Safi with this garden tour & tea.,32
Street Food Tour Adventure - Palmeraie,Marrakesh,Palmeraie,food_lover,297,2.2,food,easy,5.0,morning,year_round,31.652119,-7.94261,Immerse yourself in the local Palmeraie area with this food experience.,33
Agadir's Best Guided City Walk,Agadir,City Center,explorer,281,3.4,culture,moderate,3.0,afternoon,spring_fall,30.452331,-9.637497,Experience the authentic flavors and culture of Agadir with this guided city walk.,34
Mellah Street Food Tour,Essaouira,Mellah,food_lover,298,2.2,food,easy,4.5,morning,year_round,31.490979,-9.799547,A must-do street food tour for visitors to Essaouira.,35
Authentic Local Café Crawl Experience in Safi,Safi,Chaâba,food_lover,157,2.2,food,easy,4.0,afternoon,spring_fall,32.33313,-9.216391,Immerse yourself in the local Chaâba area with this food experience.,36
Marrakesh Artisan Workshop Visit Discovery,Marrakesh,Mellah,explorer,232,1.6,culture,easy,3.0,morning,year_round,31.653425,-7.955284,Discover the best of Marrakesh during this unforgettable artisan workshop visit.,37
Agadir Local Café Crawl Discovery,Agadir,Talborjt,food_lover,161,2.0,food,easy,3.5,evening,spring_fall,30.405778,-9.638733,Explore the hidden gems of Talborjt with this guided local café crawl.,38
"Garden Tour & Tea in Medina, Essaouira",Essaouira,Medina,comfort_seeker,324,2.7,relaxation,easy,4.5,morning,year_round,31.475897,-9.775923,Immerse yourself in the local Medina area with this relaxation experience.,39
Traditional Local Café Crawl - Safi,Safi,Chaâba,food_lover,174,1.7,food,easy,4.5,afternoon,year_round,32.307296,-9.197709,A must-do local café crawl for visitors to Safi.,40
Traditional Historic Site Exploration - Marrakesh,Marrakesh,Hivernage,explorer,219,3.2,culture,moderate,4.5,morning,summer_only,31.589794,-7.986391,Discover the best of Marrakesh during this unforgettable historic site exploration.,41
Traditional Museum Visit - Agadir,Agadir,Sonaba,explorer,285,2.3,culture,easy,3.5,morning,year_round,30.453832,-9.611855,A must-do museum visit for visitors to Agadir.,42
Traditional Guided City Walk - Essaouira,Essaouira,Medina,explorer,323,2.2,culture,moderate,4.5,morning,year_round,31.477304,-9.785927,Immerse yourself in the local Medina area with this culture experience.,43
Resort Day Pass Adventure - Beach District,Safi,Beach District,comfort_seeker,586,6.9,relaxation,easy,3.5,evening,year_round,32.321312,-9.276689,Explore the hidden gems of Beach District with this guided resort day pass.,44
Palmeraie Museum Visit,Marrakesh,Palmeraie,explorer,280,1.7,culture,easy,4.5,afternoon,year_round,31.633541,-7.991837,Experience the authentic flavors and culture of Marrakesh with this museum visit.,45
Exclusive Garden Tour & Tea in Agadir,Agadir,Talborjt,comfort_seeker,320,1.9,relaxation,easy,4.0,morning,year_round,30.38574,-9.601377,Discover the best of Agadir during this unforgettable garden tour & tea.,46
"Sunset Yacht Cruise in Medina, Essaouira",Essaouira,Medina,comfort_seeker,883,2.1,nature,easy,4.0,morning,year_round,31.502335,-9.732375,A must-do sunset yacht cruise for visitors to Essaouira.,47
"Cooking Class in Medina, Safi",Safi,Medina,food_lover,564,3.9,food,moderate,5.0,evening,year_round,32.334734,-9.276058,A must-do cooking class for visitors to Safi.,48
Exclusive Historic Site Exploration in Marrakesh,Marrakesh,Gueliz,explorer,231,3.5,culture,moderate,5.0,morning,year_round,31.598795,-7.999149,Experience the authentic flavors and culture of Marrakesh with this historic site exploration.,49
Sonaba Fine Dining Experience,Agadir,Sonaba,food_lover,526,2.7,food,easy,4.5,morning,spring_fall,30.453049,-9.579827,A must-do fine dining experience for visitors to Agadir.,50
Traditional Fine Dining Experience - Essaouira,Essaouira,Medina,food_lover,700,2.8,food,easy,4.0,morning,year_round,31.544211,-9.730203,A must-do fine dining experience for visitors to Essaouira.,51
Traditional Museum Visit - Safi,Safi,Nouvelle Ville,explorer,114,2.8,culture,easy,4.5,morning,year_round,32.301149,-9.27431,Immerse yourself in the local Nouvelle Ville area with this culture experience.,52
Authentic Sunset Yacht Cruise Experience in Marrakesh,Marrakesh,Gueliz,comfort_seeker,529,2.3,nature,easy,4.0,afternoon,year_round,31.597551,-7.995805,Explore the hidden gems of Gueliz with this guided sunset yacht cruise.,53
Traditional Cultural Monument Tour - Agadir,Agadir,City Center,explorer,177,1.3,culture,easy,5.0,afternoon,year_round,30.385082,-9.581282,Explore the hidden gems of City Center with this guided cultural monument tour.,54
Mountain Excursion Adventure - Medina,Essaouira,Medina,explorer,555,5.5,nature,hard,3.0,afternoon,year_round,31.530164,-9.731677,A must-do mountain excursion for visitors to Essaouira.,55
"Sunset Yacht Cruise in Port Area, Safi",Safi,Port Area,comfort_seeker,841,2.9,nature,easy,4.0,morning,year_round,32.340432,-9.2315,Discover the best of Safi during this unforgettable sunset yacht cruise.,56
Mellah Fine Dining Experience,Marrakesh,Mellah,food_lover,747,2.5,food,easy,3.5,evening,year_round,31.648417,-7.978601,A must-do fine dining experience for visitors to Marrakesh.,57
Unforgettable Beach Lounging in Agadir,Agadir,Talborjt,comfort_seeker,186,3.7,nature,easy,4.5,afternoon,year_round,30.465133,-9.559455,Immerse yourself in the local Talborjt area with this nature experience.,58
Authentic Artisan Workshop Visit Experience in Essaouira,Essaouira,Port,explorer,309,1.9,culture,easy,3.5,morning,year_round,31.552862,-9.730546,Immerse yourself in the local Port area with this culture experience.,59
Exclusive Spa Treatment in Safi,Safi,Chaâba,comfort_seeker,774,2.4,relaxation,easy,5.0,evening,year_round,32.28505,-9.237856,A must-do spa treatment for visitors to Safi.,60
Fine Dining Experience Adventure - Mellah,Marrakesh,Mellah,food_lover,763,2.4,food,easy,3.5,afternoon,year_round,31.632925,-7.959798,Explore the hidden gems of Mellah with this guided fine dining experience.,61
Exclusive Cultural Monument Tour in Agadir,Agadir,Sonaba,explorer,161,1.1,culture,easy,5.0,afternoon,winter_only,30.463729,-9.610784,Discover the best of Agadir during this unforgettable cultural monument tour.,62
Authentic Sunset Yacht Cruise Experience in Essaouira,Essaouira,Port,comfort_seeker,804,2.7,nature,easy,4.5,afternoon,year_round,31.493248,-9.790055,A must-do sunset yacht cruise for visitors to Essaouira.,63
Safi's Best Cultural Monument Tour,Safi,Medina,explorer,168,1.1,culture,easy,5.0,morning,year_round,32.271678,-9.242725,Discover the best of Safi during this unforgettable cultural monument tour.,64
Marrakesh Garden Tour & Tea Discovery,Marrakesh,Mellah,comfort_seeker,228,2.7,relaxation,easy,4.0,evening,summer_only,31.616297,-7.99444,Immerse yourself in the local Mellah area with this relaxation experience.,65
Authentic Sunset Yacht Cruise Experience in Agadir,Agadir,Talborjt,comfort_seeker,854,2.5,nature,easy,3.0,morning,year_round,30.448815,-9.611785,A must-do sunset yacht cruise for visitors to Agadir.,66
Authentic Traditional Dinner Show Experience in Essaouira,Essaouira,Beach,food_lover,544,3.8,food,easy,4.5,morning,year_round,31.473959,-9.738604,Experience the authentic flavors and culture of Essaouira with this traditional dinner show.,67
Nouvelle Ville Guided City Walk,Safi,Nouvelle Ville,explorer,269,2.7,culture,moderate,4.5,morning,year_round,32.285863,-9.241817,A must-do guided city walk for visitors to Safi.,68
Marrakesh Artisan Workshop Visit Discovery,Marrakesh,Mellah,explorer,386,1.5,culture,easy,4.5,morning,summer_only,31.606679,-7.970739,Discover the best of Marrakesh during this unforgettable artisan workshop visit.,69
Founty Beach Lounging,Agadir,Founty,comfort_seeker,110,4.9,nature,easy,5.0,morning,year_round,30.44376,-9.619348,Explore the hidden gems of Founty with this guided beach lounging.,70
Essaouira's Best Artisan Workshop Visit,Essaouira,Medina,explorer,238,2.0,culture,easy,4.5,afternoon,year_round,31.508907,-9.795877,A must-do artisan workshop visit for visitors to Essaouira.,71
Exclusive Traditional Dinner Show in Safi,Safi,Beach District,food_lover,410,4.0,food,easy,4.0,afternoon,year_round,32.322321,-9.194898,Explore the hidden gems of Beach District with this guided traditional dinner show.,72
"Fine Dining Experience in Hivernage, Marrakesh",Marrakesh,Hivernage,food_lover,572,2.8,food,easy,4.5,morning,year_round,31.645712,-8.008128,Experience the authentic flavors and culture of Marrakesh with this fine dining experience.,73
Exclusive Cooking Class in Agadir,Agadir,Sonaba,food_lover,467,4.0,food,moderate,3.5,evening,year_round,30.403708,-9.599906,Immerse yourself in the local Sonaba area with this food experience.,74
Unforgettable Food Market Exploration in Essaouira,Essaouira,Borj,food_lover,167,1.2,food,easy,4.5,afternoon,year_round,31.518262,-9.77422,A must-do food market exploration for visitors to Essaouira.,75
Unforgettable Food Market Exploration in Safi,Safi,Beach District,food_lover,130,1.8,food,easy,4.5,morning,year_round,32.27654,-9.205881,Experience the authentic flavors and culture of Safi with this food market exploration.,76
Traditional Beach Lounging - Marrakesh,Marrakesh,Mellah,comfort_seeker,184,2.4,nature,easy,4.0,afternoon,year_round,31.629579,-7.970767,Explore the hidden gems of Mellah with this guided beach lounging.,77
Historic Site Exploration Adventure - Sonaba,Agadir,Sonaba,explorer,163,2.2,culture,moderate,3.0,morning,winter_only,30.427455,-9.622275,Discover the best of Agadir during this unforgettable historic site exploration.,78
"Resort Day Pass in Beach, Essaouira",Essaouira,Beach,comfort_seeker,558,4.4,relaxation,easy,4.0,morning,year_round,31.50551,-9.802673,Discover the best of Essaouira during this unforgettable resort day pass.,79
Port Area Cooking Class,Safi,Port Area,food_lover,486,3.2,food,moderate,4.5,morning,year_round,32.271327,-9.207258,Immerse yourself in the local Port Area area with this food experience.,80
Hivernage Resort Day Pass,Marrakesh,Hivernage,comfort_seeker,661,7.6,relaxation,easy,4.0,morning,summer_only,31.616156,-7.983061,Explore the hidden gems of Hivernage with this guided resort day pass.,81
Authentic Spa Treatment Experience in Agadir,Agadir,Sonaba,comfort_seeker,443,2.9,relaxation,easy,4.0,evening,year_round,30.423548,-9.556435,Immerse yourself in the local Sonaba area with this relaxation experience.,82
Traditional Traditional Dinner Show - Essaouira,Essaouira,Mellah,food_lover,409,3.5,food,easy,5.0,afternoon,year_round,31.480478,-9.78836,Experience the authentic flavors and culture of Essaouira with this traditional dinner show.,83
Authentic Traditional Hammam Experience in Safi,Safi,Port Area,comfort_seeker,473,2.0,relaxation,easy,4.0,afternoon,spring_fall,32.279325,-9.240667,Explore the hidden gems of Port Area with this guided traditional hammam.,84
Traditional Garden Tour & Tea - Marrakesh,Marrakesh,Mellah,comfort_seeker,335,2.0,relaxation,easy,4.0,afternoon,summer_only,31.668115,-7.995661,Experience the authentic flavors and culture of Marrakesh with this garden tour & tea.,85
Museum Visit Adventure - Marina Bay,Agadir,Marina Bay,explorer,149,3.0,culture,easy,3.5,morning,year_round,30.404815,-9.562544,Explore the hidden gems of Marina Bay with this guided museum visit.,86
Essaouira's Best Cooking Class,Essaouira,Mellah,food_lover,644,4.0,food,moderate,3.5,afternoon,year_round,31.533708,-9.741441,Discover the best of Essaouira during this unforgettable cooking class.,87
Historic Site Exploration Adventure - Beach District,Safi,Beach District,explorer,358,3.4,culture,moderate,3.5,afternoon,summer_only,32.290888,-9.274521,A must-do historic site exploration for visitors to Safi.,88
Authentic Artisan Workshop Visit Experience in Marrakesh,Marrakesh,Hivernage,explorer,412,2.9,culture,easy,3.5,afternoon,year_round,31.611257,-7.941608,Experience the authentic flavors and culture of Marrakesh with this artisan workshop visit.,89
Authentic Sunset Yacht Cruise Experience in Agadir,Agadir,Marina Bay,comfort_seeker,762,2.1,nature,easy,4.5,afternoon,year_round,30.397011,-9.562847,Immerse yourself in the local Marina Bay area with this nature experience.,90
Essaouira's Best Cooking Class,Essaouira,Port,food_lover,547,2.7,food,moderate,4.0,afternoon,spring_fall,31.537435,-9.715301,Explore the hidden gems of Port with this guided cooking class.,91
Exclusive Museum Visit in Safi,Safi,Nouvelle Ville,explorer,282,2.8,culture,easy,3.5,afternoon,summer_only,32.264224,-9.227194,Experience the authentic flavors and culture of Safi with this museum visit.,92
Sunset Yacht Cruise Adventure - Mellah,Marrakesh,Mellah,comfort_seeker,821,2.6,nature,easy,3.5,morning,year_round,31.610733,-7.97763,Experience the authentic flavors and culture of Marrakesh with this sunset yacht cruise.,93
"Mountain Excursion in Founty, Agadir",Agadir,Founty,explorer,534,4.7,nature,hard,4.0,afternoon,spring_fall,30.411162,-9.642373,Immerse yourself in the local Founty area with this nature experience.,94
Medina Cultural Monument Tour,Essaouira,Medina,explorer,159,1.1,culture,easy,4.5,afternoon,year_round,31.497654,-9.766885,Experience the authentic flavors and culture of Essaouira with this cultural monument tour.,95
Traditional Hammam Adventure - Nouvelle Ville,Safi,Nouvelle Ville,comfort_seeker,399,1.9,relaxation,easy,4.0,afternoon,year_round,32.343319,-9.209852,A must-do traditional hammam for visitors to Safi.,96
"Guided City Walk in Palmeraie, Marrakesh",Marrakesh,Palmeraie,explorer,343,2.9,culture,moderate,3.0,afternoon,summer_only,31.616548,-8.009484,A must-do guided city walk for visitors to Marrakesh.,97
Agadir's Best Mountain Excursion,Agadir,Talborjt,explorer,698,4.8,nature,hard,4.0,morning,spring_fall,30.405323,-9.602648,Experience the authentic flavors and culture of Agadir with this mountain excursion.,98
"Cultural Monument Tour in Mellah, Essaouira",Essaouira,Mellah,explorer,183,1.8,culture,easy,3.0,afternoon,year_round,31.506054,-9.721862,Discover the best of Essaouira during this unforgettable cultural monument tour.,99
Traditional Mountain Excursion - Safi,Safi,Chaâba,explorer,674,7.3,nature,hard,4.5,afternoon,year_round,32.294602,-9.221866,Experience the authentic flavors and culture of Safi with this mountain excursion.,100
"Mountain Excursion in Palmeraie, Marrakesh",Marrakesh,Palmeraie,explorer,524,7.2,nature,hard,4.0,morning,winter_only,31.596517,-7.972002,Discover the best of Marrakesh during this unforgettable mountain excursion.,101
Founty Food Market Exploration,Agadir,Founty,food_lover,166,1.4,food,easy,4.5,morning,year_round,30.440893,-9.56652,Discover the best of Agadir during this unforgettable food market exploration.,102
Essaouira Sunset Yacht Cruise Discovery,Essaouira,Beach,comfort_seeker,711,2.7,nature,easy,5.0,afternoon,winter_only,31.507482,-9.747104,Immerse yourself in the local Beach area with this nature experience.,103
"Fine Dining Experience in Port Area, Safi",Safi,Port Area,food_lover,720,2.9,food,easy,4.5,afternoon,year_round,32.321579,-9.205787,Explore the hidden gems of Port Area with this guided fine dining experience.,104
Exclusive Street Food Tour in Marrakesh,Marrakesh,Mellah,food_lover,266,2.1,food,easy,3.0,evening,winter_only,31.645737,-7.997411,Discover the best of Marrakesh during this unforgettable street food tour.,105
Agadir Artisan Workshop Visit Discovery,Agadir,Marina Bay,explorer,385,1.6,culture,easy,4.0,morning,year_round,30.391668,-9.624992,Immerse yourself in the local Marina Bay area with this culture experience.,106
Borj Cultural Monument Tour,Essaouira,Borj,explorer,156,2.0,culture,easy,4.0,afternoon,year_round,31.497873,-9.738456,A must-do cultural monument tour for visitors to Essaouira.,107
Safi's Best Artisan Workshop Visit,Safi,Port Area,explorer,206,2.5,culture,easy,4.0,morning,year_round,32.299934,-9.281823,Discover the best of Safi during this unforgettable artisan workshop visit.,108
Exclusive Mountain Excursion in Marrakesh,Marrakesh,Mellah,explorer,382,6.9,nature,hard,5.0,afternoon,year_round,31.58791,-7.93828,Immerse yourself in the local Mellah area with this nature experience.,109
City Center Traditional Dinner Show,Agadir,City Center,food_lover,588,3.3,food,easy,5.0,morning,year_round,30.384339,-9.609908,A must-do traditional dinner show for visitors to Agadir.,110
Essaouira Sunset Yacht Cruise Discovery,Essaouira,Beach,comfort_seeker,796,2.4,nature,easy,3.5,afternoon,year_round,31.537943,-9.782215,Immerse yourself in the local Beach area with this nature experience.,111
Traditional Artisan Workshop Visit - Safi,Safi,Port Area,explorer,319,2.9,culture,easy,4.0,morning,summer_only,32.29094,-9.226295,Discover the best of Safi during this unforgettable artisan workshop visit.,112
Traditional Guided City Walk - Marrakesh,Marrakesh,Medina,explorer,307,3.2,culture,moderate,4.5,morning,spring_fall,31.607465,-8.015416,Immerse yourself in the local Medina area with this culture experience.,113
Marina Bay Guided City Walk,Agadir,Marina Bay,explorer,257,3.3,culture,moderate,4.0,morning,year_round,30.436553,-9.619424,Explore the hidden gems of Marina Bay with this guided guided city walk.,114
Guided City Walk Adventure - Port,Essaouira,Port,explorer,350,2.2,culture,moderate,3.0,afternoon,year_round,31.519511,-9.731711,Explore the hidden gems of Port with this guided guided city walk.,115
Beach Lounging Adventure - Medina,Safi,Medina,comfort_seeker,186,2.8,nature,easy,4.0,afternoon,year_round,32.283971,-9.198016,Explore the hidden gems of Medina with this guided beach lounging.,116
Traditional Historic Site Exploration - Marrakesh,Marrakesh,Gueliz,explorer,175,3.4,culture,moderate,4.0,morning,year_round,31.586199,-8.002203,A must-do historic site exploration for visitors to Marrakesh.,117
"Cultural Monument Tour in Marina Bay, Agadir",Agadir,Marina Bay,explorer,217,1.3,culture,easy,5.0,afternoon,spring_fall,30.441047,-9.604162,Explore the hidden gems of Marina Bay with this guided cultural monument tour.,118
Essaouira's Best Street Food Tour,Essaouira,Medina,food_lover,185,2.2,food,easy,4.5,morning,spring_fall,31.48549,-9.757202,Discover the best of Essaouira during this unforgettable street food tour.,119
Safi's Best Museum Visit,Safi,Port Area,explorer,255,1.5,culture,easy,4.0,morning,year_round,32.312681,-9.236333,Explore the hidden gems of Port Area with this guided museum visit.,120
Marrakesh's Best Resort Day Pass,Marrakesh,Hivernage,comfort_seeker,542,5.5,relaxation,easy,3.0,afternoon,year_round,31.653262,-7.989748,A must-do resort day pass for visitors to Marrakesh.,121
Exclusive Resort Day Pass in Agadir,Agadir,Sonaba,comfort_seeker,557,7.2,relaxation,easy,3.5,morning,year_round,30.382931,-9.616938,Discover the best of Agadir during this unforgettable resort day pass.,122
"Fine Dining Experience in Borj, Essaouira",Essaouira,Borj,food_lover,788,2.5,food,easy,3.5,afternoon,year_round,31.510042,-9.775507,Experience the authentic flavors and culture of Essaouira with this fine dining experience.,123
Traditional Spa Treatment - Safi,Safi,Chaâba,comfort_seeker,434,2.5,relaxation,easy,4.5,afternoon,year_round,32.30981,-9.255856,Discover the best of Safi during this unforgettable spa treatment.,124
Marrakesh's Best Fine Dining Experience,Marrakesh,Hivernage,food_lover,771,2.6,food,easy,3.5,afternoon,year_round,31.639704,-7.969742,Discover the best of Marrakesh during this unforgettable fine dining experience.,125
Exclusive Beach Lounging in Agadir,Agadir,Marina Bay,comfort_seeker,103,2.4,nature,easy,3.5,afternoon,winter_only,30.441524,-9.581714,Experience the authentic flavors and culture of Agadir with this beach lounging.,126
Medina Fine Dining Experience,Essaouira,Medina,food_lover,522,2.5,food,easy,4.5,evening,year_round,31.545902,-9.725906,Experience the authentic flavors and culture of Essaouira with this fine dining experience.,127
Safi's Best Guided City Walk,Safi,Beach District,explorer,289,2.6,culture,moderate,4.5,morning,spring_fall,32.325562,-9.227167,Discover the best of Safi during this unforgettable guided city walk.,128
Artisan Workshop Visit Adventure - Hivernage,Marrakesh,Hivernage,explorer,224,2.5,culture,easy,4.5,morning,year_round,31.62321,-7.961876,A must-do artisan workshop visit for visitors to Marrakesh.,129
Exclusive Cooking Class in Agadir,Agadir,Marina Bay,food_lover,595,3.1,food,moderate,3.5,evening,year_round,30.42728,-9.584935,Immerse yourself in the local Marina Bay area with this food experience.,130
Fine Dining Experience Adventure - Beach,Essaouira,Beach,food_lover,543,2.0,food,easy,4.0,afternoon,year_round,31.50328,-9.755191,Explore the hidden gems of Beach with this guided fine dining experience.,131
Safi Traditional Hammam Discovery,Safi,Chaâba,comfort_seeker,348,1.4,relaxation,easy,3.5,afternoon,year_round,32.316477,-9.24575,Explore the hidden gems of Chaâba with this guided traditional hammam.,132
"Sunset Yacht Cruise in Medina, Marrakesh",Marrakesh,Medina,comfort_seeker,753,2.0,nature,easy,3.5,morning,year_round,31.63359,-7.967029,A must-do sunset yacht cruise for visitors to Marrakesh.,133
Agadir Food Market Exploration Discovery,Agadir,Marina Bay,food_lover,133,1.1,food,easy,3.5,afternoon,year_round,30.43665,-9.591652,A must-do food market exploration for visitors to Agadir.,134
Essaouira Food Market Exploration Discovery,Essaouira,Mellah,food_lover,152,1.1,food,easy,4.5,afternoon,year_round,31.471184,-9.778867,Explore the hidden gems of Mellah with this guided food market exploration.,135
Authentic Historic Site Exploration Experience in Safi,Safi,Chaâba,explorer,199,2.7,culture,moderate,4.0,morning,summer_only,32.279121,-9.211094,Experience the authentic flavors and culture of Safi with this historic site exploration.,136
Authentic Spa Treatment Experience in Marrakesh,Marrakesh,Hivernage,comfort_seeker,447,1.7,relaxation,easy,5.0,afternoon,year_round,31.662999,-8.014546,A must-do spa treatment for visitors to Marrakesh.,137
Unforgettable Artisan Workshop Visit in Agadir,Agadir,Sonaba,explorer,428,2.4,culture,easy,3.5,afternoon,year_round,30.466632,-9.608024,Explore the hidden gems of Sonaba with this guided artisan workshop visit.,138
Unforgettable Garden Tour & Tea in Essaouira,Essaouira,Borj,comfort_seeker,227,1.9,relaxation,easy,4.0,evening,year_round,31.535046,-9.791808,A must-do garden tour & tea for visitors to Essaouira.,139
Authentic Fine Dining Experience Experience in Safi,Safi,Port Area,food_lover,731,2.4,food,easy,3.5,evening,year_round,32.31823,-9.228237,Immerse yourself in the local Port Area area with this food experience.,140
Museum Visit Adventure - Gueliz,Marrakesh,Gueliz,explorer,148,1.8,culture,easy,4.5,afternoon,spring_fall,31.673051,-7.992763,Discover the best of Marrakesh during this unforgettable museum visit.,141
Sunset Yacht Cruise Adventure - Sonaba,Agadir,Sonaba,comfort_seeker,889,2.5,nature,easy,3.0,afternoon,spring_fall,30.41166,-9.640933,Immerse yourself in the local Sonaba area with this nature experience.,142
Cultural Monument Tour Adventure - Borj,Essaouira,Borj,explorer,176,1.5,culture,easy,3.5,afternoon,winter_only,31.550757,-9.727203,Immerse yourself in the local Borj area with this culture experience.,143
Exclusive Beach Lounging in Safi,Safi,Chaâba,comfort_seeker,173,4.1,nature,easy,3.0,morning,year_round,32.264802,-9.221889,A must-do beach lounging for visitors to Safi.,144
Gueliz Traditional Dinner Show,Marrakesh,Gueliz,food_lover,375,3.8,food,easy,3.0,evening,year_round,31.647791,-8.009205,Experience the authentic flavors and culture of Marrakesh with this traditional dinner show.,145
Founty Cooking Class,Agadir,Founty,food_lover,473,3.3,food,moderate,4.5,evening,year_round,30.415979,-9.612797,Experience the authentic flavors and culture of Agadir with this cooking class.,146
Authentic Artisan Workshop Visit Experience in Essaouira,Essaouira,Mellah,explorer,367,2.2,culture,easy,4.5,morning,year_round,31.528925,-9.75196,Immerse yourself in the local Mellah area with this culture experience.,147
Safi's Best Artisan Workshop Visit,Safi,Nouvelle Ville,explorer,402,2.3,culture,easy,3.5,afternoon,year_round,32.322583,-9.240154,Explore the hidden gems of Nouvelle Ville with this guided artisan workshop visit.,148
Marrakesh's Best Traditional Dinner Show,Marrakesh,Hivernage,food_lover,453,3.7,food,easy,3.0,afternoon,summer_only,31.656215,-7.971379,Explore the hidden gems of Hivernage with this guided traditional dinner show.,149
Agadir Local Café Crawl Discovery,Agadir,Founty,food_lover,100,1.6,food,easy,4.0,morning,year_round,30.423443,-9.639555,Experience the authentic flavors and culture of Agadir with this local café crawl.,150
Unforgettable Food Market Exploration in Essaouira,Essaouira,Mellah,food_lover,198,1.8,food,easy,4.5,evening,summer_only,31.47847,-9.774541,Immerse yourself in the local Mellah area with this food experience.,151
Authentic Cultural Monument Tour Experience in Safi,Safi,Chaâba,explorer,118,2.0,culture,easy,4.0,afternoon,winter_only,32.337703,-9.269098,Experience the authentic flavors and culture of Safi with this cultural monument tour.,152
Marrakesh Spa Treatment Discovery,Marrakesh,Gueliz,comfort_seeker,665,1.8,relaxation,easy,4.0,morning,year_round,31.602179,-7.970125,A must-do spa treatment for visitors to Marrakesh.,153
Traditional Sunset Yacht Cruise - Agadir,Agadir,Talborjt,comfort_seeker,688,2.6,nature,easy,3.0,morning,year_round,30.436883,-9.572672,Discover the best of Agadir during this unforgettable sunset yacht cruise.,154
Medina Cooking Class,Essaouira,Medina,food_lover,477,3.3,food,moderate,4.0,morning,year_round,31.495138,-9.792476,Immerse yourself in the local Medina area with this food experience.,155
Safi Resort Day Pass Discovery,Safi,Beach District,comfort_seeker,436,5.5,relaxation,easy,4.0,afternoon,year_round,32.342521,-9.199186,Immerse yourself in the local Beach District area with this relaxation experience.,156
"Mountain Excursion in Mellah, Marrakesh",Marrakesh,Mellah,explorer,525,6.5,nature,hard,3.5,morning,summer_only,31.589029,-7.937029,Experience the authentic flavors and culture of Marrakesh with this mountain excursion.,157
Exclusive Artisan Workshop Visit in Agadir,Agadir,Founty,explorer,300,1.5,culture,easy,3.0,morning,year_round,30.43738,-9.572581,Discover the best of Agadir during this unforgettable artisan workshop visit.,158
"Spa Treatment in Medina, Essaouira",Essaouira,Medina,comfort_seeker,465,1.8,relaxation,easy,3.5,afternoon,year_round,31.53253,-9.737359,Explore the hidden gems of Medina with this guided spa treatment.,159
Authentic Museum Visit Experience in Safi,Safi,Chaâba,explorer,285,2.5,culture,easy,5.0,morning,year_round,32.290199,-9.261581,Experience the authentic flavors and culture of Safi with this museum visit.,160
Authentic Local Café Crawl Experience in Marrakesh,Marrakesh,Mellah,food_lover,220,2.4,food,easy,3.0,evening,summer_only,31.641326,-7.969713,Explore the hidden gems of Mellah with this guided local café crawl.,161
Unforgettable Local Café Crawl in Agadir,Agadir,Marina Bay,food_lover,116,1.9,food,easy,3.5,morning,summer_only,30.420615,-9.604187,Explore the hidden gems of Marina Bay with this guided local café crawl.,162
Essaouira Artisan Workshop Visit Discovery,Essaouira,Mellah,explorer,222,2.6,culture,easy,4.0,morning,summer_only,31.473676,-9.740057,A must-do artisan workshop visit for visitors to Essaouira.,163
Unforgettable Cooking Class in Safi,Safi,Beach District,food_lover,435,3.5,food,moderate,4.5,evening,winter_only,32.276839,-9.267247,Immerse yourself in the local Beach District area with this food experience.,164
Authentic Street Food Tour Experience in Marrakesh,Marrakesh,Medina,food_lover,233,2.5,food,easy,4.0,afternoon,year_round,31.62383,-7.967313,Explore the hidden gems of Medina with this guided street food tour.,165
Agadir Artisan Workshop Visit Discovery,Agadir,Sonaba,explorer,208,2.4,culture,easy,4.0,afternoon,year_round,30.40969,-9.554272,Immerse yourself in the local Sonaba area with this culture experience.,166
Traditional Hammam Adventure - Borj,Essaouira,Borj,comfort_seeker,599,1.3,relaxation,easy,5.0,morning,winter_only,31.553368,-9.774183,Explore the hidden gems of Borj with this guided traditional hammam.,167
Beach District Traditional Hammam,Safi,Beach District,comfort_seeker,388,1.1,relaxation,easy,3.5,afternoon,year_round,32.297183,-9.259741,Explore the hidden gems of Beach District with this guided traditional hammam.,168
Marrakesh Resort Day Pass Discovery,Marrakesh,Mellah,comfort_seeker,604,6.4,relaxation,easy,3.5,morning,spring_fall,31.63951,-7.948924,Discover the best of Marrakesh during this unforgettable resort day pass.,169
Exclusive Traditional Dinner Show in Agadir,Agadir,Marina Bay,food_lover,538,3.6,food,easy,4.0,evening,year_round,30.43048,-9.633508,Experience the authentic flavors and culture of Agadir with this traditional dinner show.,170
Guided City Walk Adventure - Borj,Essaouira,Borj,explorer,335,2.3,culture,moderate,4.5,morning,year_round,31.521427,-9.760712,Explore the hidden gems of Borj with this guided guided city walk.,171
Safi Cooking Class Discovery,Safi,Port Area,food_lover,561,3.2,food,moderate,3.5,afternoon,year_round,32.306907,-9.228375,A must-do cooking class for visitors to Safi.,172
Traditional Museum Visit - Marrakesh,Marrakesh,Gueliz,explorer,160,1.9,culture,easy,4.0,afternoon,year_round,31.587285,-8.004157,Immerse yourself in the local Gueliz area with this culture experience.,173
Authentic Artisan Workshop Visit Experience in Agadir,Agadir,Marina Bay,explorer,406,2.2,culture,easy,3.0,afternoon,winter_only,30.409256,-9.590241,Experience the authentic flavors and culture of Agadir with this artisan workshop visit.,174
Unforgettable Fine Dining Experience in Essaouira,Essaouira,Medina,food_lover,709,2.9,food,easy,4.0,morning,year_round,31.532473,-9.737646,Experience the authentic flavors and culture of Essaouira with this fine dining experience.,175
"Cultural Monument Tour in Medina, Safi",Safi,Medina,explorer,243,1.0,culture,easy,4.5,afternoon,summer_only,32.295083,-9.235869,Immerse yourself in the local Medina area with this culture experience.,176
Medina Fine Dining Experience,Marrakesh,Medina,food_lover,503,2.0,food,easy,3.5,morning,year_round,31.640945,-7.9636,Explore the hidden gems of Medina with this guided fine dining experience.,177
Traditional Cultural Monument Tour - Agadir,Agadir,Marina Bay,explorer,121,1.1,culture,easy,4.5,morning,year_round,30.446941,-9.573165,Experience the authentic flavors and culture of Agadir with this cultural monument tour.,178
Traditional Local Café Crawl - Essaouira,Essaouira,Borj,food_lover,198,2.4,food,easy,3.0,morning,year_round,31.526732,-9.77534,Discover the best of Essaouira during this unforgettable local café crawl.,179
Exclusive Traditional Hammam in Safi,Safi,Chaâba,comfort_seeker,590,1.7,relaxation,easy,4.0,morning,year_round,32.255738,-9.1987,Discover the best of Safi during this unforgettable traditional hammam.,180
Medina Sunset Yacht Cruise,Marrakesh,Medina,comfort_seeker,691,2.7,nature,easy,4.0,morning,year_round,31.664873,-8.009997,Discover the best of Marrakesh during this unforgettable sunset yacht cruise.,181
Agadir's Best Garden Tour & Tea,Agadir,Founty,comfort_seeker,297,2.5,relaxation,easy,4.5,evening,year_round,30.429232,-9.553509,Discover the best of Agadir during this unforgettable garden tour & tea.,182
Traditional Artisan Workshop Visit - Essaouira,Essaouira,Port,explorer,410,1.6,culture,easy,4.0,afternoon,year_round,31.472551,-9.75379,A must-do artisan workshop visit for visitors to Essaouira.,183
Safi Fine Dining Experience Discovery,Safi,Port Area,food_lover,614,2.8,food,easy,3.5,evening,year_round,32.264073,-9.195058,Immerse yourself in the local Port Area area with this food experience.,184
Traditional Traditional Hammam - Marrakesh,Marrakesh,Palmeraie,comfort_seeker,515,1.1,relaxation,easy,4.5,evening,winter_only,31.601115,-8.000781,Discover the best of Marrakesh during this unforgettable traditional hammam.,185
Street Food Tour Adventure - City Center,Agadir,City Center,food_lover,204,2.6,food,easy,5.0,evening,year_round,30.423169,-9.641804,Discover the best of Agadir during this unforgettable street food tour.,186
Essaouira's Best Garden Tour & Tea,Essaouira,Medina,comfort_seeker,302,2.4,relaxation,easy,3.0,evening,year_round,31.516621,-9.734984,Immerse yourself in the local Medina area with this relaxation experience.,187
"Sunset Yacht Cruise in Nouvelle Ville, Safi",Safi,Nouvelle Ville,comfort_seeker,714,2.1,nature,easy,3.5,morning,spring_fall,32.33562,-9.26459,A must-do sunset yacht cruise for visitors to Safi.,188
Palmeraie Beach Lounging,Marrakesh,Palmeraie,comfort_seeker,168,3.9,nature,easy,4.0,afternoon,year_round,31.62141,-7.996629,Immerse yourself in the local Palmeraie area with this nature experience.,189
Agadir Fine Dining Experience Discovery,Agadir,City Center,food_lover,703,2.9,food,easy,4.5,evening,year_round,30.425869,-9.596813,Experience the authentic flavors and culture of Agadir with this fine dining experience.,190
Medina Museum Visit,Essaouira,Medina,explorer,158,1.6,culture,easy,3.5,morning,year_round,31.551731,-9.735874,Discover the best of Essaouira during this unforgettable museum visit.,191
Exclusive Guided City Walk in Safi,Safi,Nouvelle Ville,explorer,277,2.4,culture,moderate,3.0,afternoon,year_round,32.285049,-9.195046,A must-do guided city walk for visitors to Safi.,192
Mellah Sunset Yacht Cruise,Marrakesh,Mellah,comfort_seeker,843,2.9,nature,easy,4.0,morning,spring_fall,31.650325,-7.957547,Experience the authentic flavors and culture of Marrakesh with this sunset yacht cruise.,193
Agadir Cultural Monument Tour Discovery,Agadir,City Center,explorer,200,1.2,culture,easy,3.5,afternoon,summer_only,30.398737,-9.640691,Discover the best of Agadir during this unforgettable cultural monument tour.,194
Traditional Beach Lounging - Essaouira,Essaouira,Port,comfort_seeker,193,3.6,nature,easy,4.5,morning,spring_fall,31.546457,-9.721609,A must-do beach lounging for visitors to Essaouira.,195
Exclusive Food Market Exploration in Safi,Safi,Nouvelle Ville,food_lover,157,1.0,food,easy,3.5,evening,year_round,32.328033,-9.248109,Discover the best of Safi during this unforgettable food market exploration.,196
Historic Site Exploration Adventure - Hivernage,Marrakesh,Hivernage,explorer,304,2.5,culture,moderate,4.5,morning,year_round,31.673564,-8.022887,A must-do historic site exploration for visitors to Marrakesh.,197
Exclusive Food Market Exploration in Agadir,Agadir,Talborjt,food_lover,195,1.6,food,easy,4.0,afternoon,year_round,30.443459,-9.571836,A must-do food market exploration for visitors to Agadir.,198
Traditional Fine Dining Experience - Essaouira,Essaouira,Borj,food_lover,710,2.4,food,easy,4.0,afternoon,year_round,31.544049,-9.718329,Experience the authentic flavors and culture of Essaouira with this fine dining experience.,199
Safi's Best Garden Tour & Tea,Safi,Nouvelle Ville,comfort_seeker,382,1.8,relaxation,easy,4.5,evening,year_round,32.330553,-9.214789,A must-do garden tour & tea for visitors to Safi.,200
"Traditional Dinner Show in Hivernage, Marrakesh",Marrakesh,Hivernage,food_lover,529,3.8,food,easy,4.5,morning,year_round,31.59098,-7.970726,A must-do traditional dinner show for visitors to Marrakesh.,201
Exclusive Local Café Crawl in Agadir,Agadir,City Center,food_lover,244,1.6,food,easy,4.0,evening,winter_only,30.398823,-9.606705,Explore the hidden gems of City Center with this guided local café crawl.,202
Exclusive Traditional Dinner Show in Essaouira,Essaouira,Port,food_lover,522,3.9,food,easy,4.0,evening,year_round,31.538413,-9.781832,Experience the authentic flavors and culture of Essaouira with this traditional dinner show.,203
Exclusive Museum Visit in Safi,Safi,Chaâba,explorer,118,1.7,culture,easy,3.0,afternoon,year_round,32.275662,-9.19222,Immerse yourself in the local Chaâba area with this culture experience.,204
"Cultural Monument Tour in Hivernage, Marrakesh",Marrakesh,Hivernage,explorer,140,1.1,culture,easy,3.5,afternoon,year_round,31.654439,-8.005859,Immerse yourself in the local Hivernage area with this culture experience.,205
Agadir Traditional Hammam Discovery,Agadir,Founty,comfort_seeker,476,2.0,relaxation,easy,4.0,evening,year_round,30.44727,-9.636175,Discover the best of Agadir during this unforgettable traditional hammam.,206
Unforgettable Garden Tour & Tea in Essaouira,Essaouira,Medina,comfort_seeker,341,2.3,relaxation,easy,4.5,afternoon,year_round,31.504864,-9.798843,Experience the authentic flavors and culture of Essaouira with this garden tour & tea.,207
Authentic Street Food Tour Experience in Safi,Safi,Nouvelle Ville,food_lover,235,2.6,food,easy,4.0,morning,year_round,32.29477,-9.261994,Immerse yourself in the local Nouvelle Ville area with this food experience.,208
Marrakesh Historic Site Exploration Discovery,Marrakesh,Gueliz,explorer,333,3.5,culture,moderate,3.5,morning,year_round,31.657971,-7.948645,Explore the hidden gems of Gueliz with this guided historic site exploration.,209
Unforgettable Garden Tour & Tea in Agadir,Agadir,Founty,comfort_seeker,296,2.6,relaxation,easy,5.0,afternoon,year_round,30.463251,-9.588221,Experience the authentic flavors and culture of Agadir with this garden tour & tea.,210
Authentic Traditional Hammam Experience in Essaouira,Essaouira,Port,comfort_seeker,422,1.2,relaxation,easy,3.5,evening,year_round,31.463777,-9.757187,Immerse yourself in the local Port area with this relaxation experience.,211
Artisan Workshop Visit Adventure - Port Area,Safi,Port Area,explorer,436,2.9,culture,easy,3.5,afternoon,year_round,32.299558,-9.246442,Immerse yourself in the local Port Area area with this culture experience.,212
Spa Treatment Adventure - Hivernage,Marrakesh,Hivernage,comfort_seeker,649,2.9,relaxation,easy,3.0,morning,summer_only,31.602635,-7.961064,Experience the authentic flavors and culture of Marrakesh with this spa treatment.,213
Agadir Garden Tour & Tea Discovery,Agadir,Talborjt,comfort_seeker,314,2.2,relaxation,easy,3.5,evening,year_round,30.430253,-9.641656,Explore the hidden gems of Talborjt with this guided garden tour & tea.,214
Beach Museum Visit,Essaouira,Beach,explorer,110,1.6,culture,easy,4.0,afternoon,year_round,31.484628,-9.793884,Experience the authentic flavors and culture of Essaouira with this museum visit.,215
Authentic Traditional Hammam Experience in Safi,Safi,Port Area,comfort_seeker,417,1.8,relaxation,easy,3.0,afternoon,year_round,32.275655,-9.20505,Experience the authentic flavors and culture of Safi with this traditional hammam.,216
Exclusive Historic Site Exploration in Marrakesh,Marrakesh,Medina,explorer,167,3.7,culture,moderate,4.5,afternoon,year_round,31.594737,-7.97305,Discover the best of Marrakesh during this unforgettable historic site exploration.,217
Sonaba Cooking Class,Agadir,Sonaba,food_lover,595,3.5,food,moderate,3.0,morning,winter_only,30.454846,-9.561151,Explore the hidden gems of Sonaba with this guided cooking class.,218
"Beach Lounging in Borj, Essaouira",Essaouira,Borj,comfort_seeker,164,2.1,nature,easy,5.0,afternoon,year_round,31.494854,-9.775127,A must-do beach lounging for visitors to Essaouira.,219
Traditional Historic Site Exploration - Safi,Safi,Nouvelle Ville,explorer,239,3.4,culture,moderate,3.5,afternoon,spring_fall,32.310355,-9.27599,Explore the hidden gems of Nouvelle Ville with this guided historic site exploration.,220
Unforgettable Museum Visit in Marrakesh,Marrakesh,Mellah,explorer,297,1.9,culture,easy,3.5,afternoon,year_round,31.640889,-7.952522,Experience the authentic flavors and culture of Marrakesh with this museum visit.,221
Exclusive Spa Treatment in Agadir,Agadir,Talborjt,comfort_seeker,647,2.7,relaxation,easy,5.0,afternoon,year_round,30.389282,-9.572612,Discover the best of Agadir during this unforgettable spa treatment.,222
Beach Spa Treatment,Essaouira,Beach,comfort_seeker,614,1.5,relaxation,easy,4.5,morning,year_round,31.519848,-9.730537,Experience the authentic flavors and culture of Essaouira with this spa treatment.,223
Unforgettable Traditional Dinner Show in Safi,Safi,Medina,food_lover,380,3.3,food,easy,4.5,evening,spring_fall,32.31775,-9.273786,Experience the authentic flavors and culture of Safi with this traditional dinner show.,224
Marrakesh's Best Local Café Crawl,Marrakesh,Medina,food_lover,228,2.0,food,easy,3.5,morning,year_round,31.606413,-7.9994,Explore the hidden gems of Medina with this guided local café crawl.,225
Agadir Cultural Monument Tour Discovery,Agadir,Sonaba,explorer,162,1.6,culture,easy,4.5,morning,year_round,30.452364,-9.629654,Experience the authentic flavors and culture of Agadir with this cultural monument tour.,226
Mellah Guided City Walk,Essaouira,Mellah,explorer,269,2.9,culture,moderate,3.5,afternoon,year_round,31.544543,-9.72502,Experience the authentic flavors and culture of Essaouira with this guided city walk.,227
Safi's Best Street Food Tour,Safi,Chaâba,food_lover,235,2.7,food,easy,4.0,afternoon,year_round,32.331048,-9.199451,Discover the best of Safi during this unforgettable street food tour.,228
Marrakesh's Best Garden Tour & Tea,Marrakesh,Hivernage,comfort_seeker,236,1.9,relaxation,easy,5.0,evening,year_round,31.598471,-7.973458,A must-do garden tour & tea for visitors to Marrakesh.,229
Unforgettable Beach Lounging in Agadir,Agadir,City Center,comfort_seeker,109,3.7,nature,easy,3.5,morning,spring_fall,30.415482,-9.620809,Immerse yourself in the local City Center area with this nature experience.,230
Unforgettable Sunset Yacht Cruise in Essaouira,Essaouira,Borj,comfort_seeker,766,2.4,nature,easy,4.5,afternoon,summer_only,31.490651,-9.797142,A must-do sunset yacht cruise for visitors to Essaouira.,231
Safi's Best Traditional Dinner Show,Safi,Nouvelle Ville,food_lover,510,3.0,food,easy,4.0,morning,year_round,32.261837,-9.260075,A must-do traditional dinner show for visitors to Safi.,232
Historic Site Exploration Adventure - Mellah,Marrakesh,Mellah,explorer,332,3.7,culture,moderate,4.5,afternoon,winter_only,31.615335,-8.02036,Discover the best of Marrakesh during this unforgettable historic site exploration.,233
Traditional Local Café Crawl - Agadir,Agadir,Founty,food_lover,210,2.3,food,easy,3.5,afternoon,year_round,30.464415,-9.642593,Experience the authentic flavors and culture of Agadir with this local café crawl.,234
"Resort Day Pass in Medina, Essaouira",Essaouira,Medina,comfort_seeker,645,4.7,relaxation,easy,3.0,afternoon,year_round,31.53125,-9.803577,A must-do resort day pass for visitors to Essaouira.,235
Spa Treatment Adventure - Medina,Safi,Medina,comfort_seeker,759,2.6,relaxation,easy,4.0,evening,year_round,32.317593,-9.28175,Experience the authentic flavors and culture of Safi with this spa treatment.,236
Unforgettable Traditional Hammam in Marrakesh,Marrakesh,Mellah,comfort_seeker,525,1.9,relaxation,easy,4.5,evening,year_round,31.62493,-8.020923,A must-do traditional hammam for visitors to Marrakesh.,237
Agadir's Best Resort Day Pass,Agadir,Marina Bay,comfort_seeker,596,6.8,relaxation,easy,3.5,evening,spring_fall,30.462199,-9.633309,Discover the best of Agadir during this unforgettable resort day pass.,238
Authentic Food Market Exploration Experience in Essaouira,Essaouira,Mellah,food_lover,160,1.7,food,easy,5.0,morning,year_round,31.471818,-9.71964,Explore the hidden gems of Mellah with this guided food market exploration.,239
Exclusive Cooking Class in Safi,Safi,Medina,food_lover,579,3.7,food,moderate,4.5,evening,year_round,32.270476,-9.214279,Immerse yourself in the local Medina area with this food experience.,240
"Street Food Tour in Palmeraie, Marrakesh",Marrakesh,Palmeraie,food_lover,158,2.4,food,easy,3.5,morning,year_round,31.645799,-7.937682,Discover the best of Marrakesh during this unforgettable street food tour.,241
Agadir's Best Cooking Class,Agadir,Sonaba,food_lover,600,2.8,food,moderate,3.5,evening,year_round,30.412766,-9.613483,Experience the authentic flavors and culture of Agadir with this cooking class.,242
Traditional Dinner Show Adventure - Beach,Essaouira,Beach,food_lover,437,3.2,food,easy,3.5,evening,year_round,31.507638,-9.72514,Experience the authentic flavors and culture of Essaouira with this traditional dinner show.,243
Unforgettable Museum Visit in Safi,Safi,Beach District,explorer,143,1.5,culture,easy,3.5,morning,year_round,32.285477,-9.204937,Immerse yourself in the local Beach District area with this culture experience.,244
Sunset Yacht Cruise Adventure - Palmeraie,Marrakesh,Palmeraie,comfort_seeker,529,2.7,nature,easy,3.5,afternoon,year_round,31.640679,-7.941605,Explore the hidden gems of Palmeraie with this guided sunset yacht cruise.,245
Agadir's Best Street Food Tour,Agadir,Talborjt,food_lover,184,2.7,food,easy,4.5,evening,spring_fall,30.457085,-9.60955,Immerse yourself in the local Talborjt area with this food experience.,246
"Food Market Exploration in Medina, Essaouira",Essaouira,Medina,food_lover,191,1.8,food,easy,4.5,morning,year_round,31.549673,-9.783461,Discover the best of Essaouira during this unforgettable food market exploration.,247
Safi's Best Fine Dining Experience,Safi,Medina,food_lover,625,2.6,food,easy,4.5,evening,year_round,32.30406,-9.203296,Discover the best of Safi during this unforgettable fine dining experience.,248
Hivernage Garden Tour & Tea,Marrakesh,Hivernage,comfort_seeker,340,2.8,relaxation,easy,4.5,afternoon,year_round,31.655728,-7.995517,Discover the best of Marrakesh during this unforgettable garden tour & tea.,249
Traditional Food Market Exploration - Agadir,Agadir,Talborjt,food_lover,135,1.2,food,easy,5.0,evening,year_round,30.413587,-9.580103,Experience the authentic flavors and culture of Agadir with this food market exploration.,250
Port Mountain Excursion,Essaouira,Port,explorer,636,8.0,nature,hard,3.5,afternoon,spring_fall,31.53763,-9.785096,Immerse yourself in the local Port area with this nature experience.,251
Safi Street Food Tour Discovery,Safi,Medina,food_lover,274,2.4,food,easy,4.5,morning,year_round,32.274762,-9.221512,Discover the best of Safi during this unforgettable street food tour.,252
Marrakesh's Best Garden Tour & Tea,Marrakesh,Medina,comfort_seeker,395,2.9,relaxation,easy,3.5,morning,winter_only,31.644798,-8.00694,A must-do garden tour & tea for visitors to Marrakesh.,253
Unforgettable Local Café Crawl in Agadir,Agadir,Sonaba,food_lover,176,1.6,food,easy,5.0,evening,year_round,30.411864,-9.592896,Immerse yourself in the local Sonaba area with this food experience.,254
Essaouira Garden Tour & Tea Discovery,Essaouira,Mellah,comfort_seeker,383,2.9,relaxation,easy,3.5,morning,year_round,31.503685,-9.715001,Immerse yourself in the local Mellah area with this relaxation experience.,255
Safi's Best Historic Site Exploration,Safi,Port Area,explorer,196,2.0,culture,moderate,4.5,morning,year_round,32.292118,-9.265056,Experience the authentic flavors and culture of Safi with this historic site exploration.,256
"Cultural Monument Tour in Medina, Marrakesh",Marrakesh,Medina,explorer,126,1.2,culture,easy,5.0,morning,year_round,31.630265,-8.013601,Immerse yourself in the local Medina area with this culture experience.,257
Agadir Traditional Hammam Discovery,Agadir,Talborjt,comfort_seeker,589,1.0,relaxation,easy,5.0,afternoon,year_round,30.382896,-9.582021,Experience the authentic flavors and culture of Agadir with this traditional hammam.,258
Exclusive Food Market Exploration in Essaouira,Essaouira,Port,food_lover,100,1.1,food,easy,3.5,afternoon,year_round,31.523391,-9.718185,Immerse yourself in the local Port area with this food experience.,259
Safi's Best Beach Lounging,Safi,Medina,comfort_seeker,157,3.1,nature,easy,3.5,afternoon,summer_only,32.288022,-9.26817,Explore the hidden gems of Medina with this guided beach lounging.,260
Gueliz Street Food Tour,Marrakesh,Gueliz,food_lover,283,2.9,food,easy,4.0,morning,year_round,31.645511,-7.957305,Discover the best of Marrakesh during this unforgettable street food tour.,261
Sonaba Historic Site Exploration,Agadir,Sonaba,explorer,182,3.6,culture,moderate,3.5,afternoon,year_round,30.429357,-9.573312,Explore the hidden gems of Sonaba with this guided historic site exploration.,262
Port Spa Treatment,Essaouira,Port,comfort_seeker,724,2.6,relaxation,easy,4.5,evening,summer_only,31.498545,-9.802769,Explore the hidden gems of Port with this guided spa treatment.,263
Safi's Best Cooking Class,Safi,Beach District,food_lover,512,3.7,food,moderate,4.5,afternoon,year_round,32.292539,-9.230182,A must-do cooking class for visitors to Safi.,264
Gueliz Mountain Excursion,Marrakesh,Gueliz,explorer,613,6.5,nature,hard,4.0,morning,year_round,31.661791,-7.98662,Immerse yourself in the local Gueliz area with this nature experience.,265
"Garden Tour & Tea in City Center, Agadir",Agadir,City Center,comfort_seeker,326,2.8,relaxation,easy,5.0,morning,year_round,30.468552,-9.573417,Immerse yourself in the local City Center area with this relaxation experience.,266
"Traditional Hammam in Medina, Essaouira",Essaouira,Medina,comfort_seeker,419,1.7,relaxation,easy,4.0,evening,spring_fall,31.480703,-9.729123,A must-do traditional hammam for visitors to Essaouira.,267
Traditional Street Food Tour - Safi,Safi,Medina,food_lover,212,2.6,food,easy,3.5,evening,year_round,32.283128,-9.267875,Explore the hidden gems of Medina with this guided street food tour.,268
Traditional Dinner Show Adventure - Palmeraie,Marrakesh,Palmeraie,food_lover,565,3.8,food,easy,5.0,afternoon,spring_fall,31.598122,-7.944195,Immerse yourself in the local Palmeraie area with this food experience.,269
Agadir Museum Visit Discovery,Agadir,Marina Bay,explorer,238,2.2,culture,easy,4.5,afternoon,summer_only,30.410118,-9.559502,Discover the best of Agadir during this unforgettable museum visit.,270
Exclusive Traditional Hammam in Essaouira,Essaouira,Mellah,comfort_seeker,405,1.1,relaxation,easy,3.5,morning,year_round,31.465813,-9.730143,Experience the authentic flavors and culture of Essaouira with this traditional hammam.,271
"Artisan Workshop Visit in Chaâba, Safi",Safi,Chaâba,explorer,205,1.7,culture,easy,4.0,afternoon,year_round,32.313842,-9.25314,Experience the authentic flavors and culture of Safi with this artisan workshop visit.,272
Marrakesh's Best Sunset Yacht Cruise,Marrakesh,Gueliz,comfort_seeker,620,2.2,nature,easy,4.5,morning,year_round,31.59691,-7.969086,A must-do sunset yacht cruise for visitors to Marrakesh.,273
Unforgettable Historic Site Exploration in Agadir,Agadir,Sonaba,explorer,210,3.4,culture,moderate,3.5,morning,summer_only,30.393593,-9.619233,Immerse yourself in the local Sonaba area with this culture experience.,274
Unforgettable Sunset Yacht Cruise in Essaouira,Essaouira,Port,comfort_seeker,799,2.6,nature,easy,4.5,morning,year_round,31.506417,-9.721321,A must-do sunset yacht cruise for visitors to Essaouira.,275
Unforgettable Traditional Dinner Show in Safi,Safi,Port Area,food_lover,488,3.2,food,easy,4.0,morning,year_round,32.307105,-9.211346,Explore the hidden gems of Port Area with this guided traditional dinner show.,276
Authentic Traditional Hammam Experience in Marrakesh,Marrakesh,Gueliz,comfort_seeker,356,1.5,relaxation,easy,4.0,morning,year_round,31.590148,-7.93888,A must-do traditional hammam for visitors to Marrakesh.,277
Sunset Yacht Cruise Adventure - City Center,Agadir,City Center,comfort_seeker,899,2.7,nature,easy,3.5,morning,year_round,30.428708,-9.574715,A must-do sunset yacht cruise for visitors to Agadir.,278
Traditional Food Market Exploration - Essaouira,Essaouira,Port,food_lover,182,1.4,food,easy,3.5,evening,summer_only,31.494797,-9.77511,Immerse yourself in the local Port area with this food experience.,279
Unforgettable Garden Tour & Tea in Safi,Safi,Beach District,comfort_seeker,368,3.0,relaxation,easy,4.5,evening,year_round,32.300923,-9.232824,Experience the authentic flavors and culture of Safi with this garden tour & tea.,280
Marrakesh's Best Food Market Exploration,Marrakesh,Gueliz,food_lover,128,1.6,food,easy,4.5,evening,spring_fall,31.669806,-7.962877,Discover the best of Marrakesh during this unforgettable food market exploration.,281
Authentic Artisan Workshop Visit Experience in Agadir,Agadir,City Center,explorer,405,2.7,culture,easy,4.0,afternoon,summer_only,30.469172,-9.597485,Discover the best of Agadir during this unforgettable artisan workshop visit.,282
Traditional Historic Site Exploration - Essaouira,Essaouira,Mellah,explorer,204,3.8,culture,moderate,4.0,morning,year_round,31.547035,-9.749048,Discover the best of Essaouira during this unforgettable historic site exploration.,283
"Fine Dining Experience in Medina, Safi",Safi,Medina,food_lover,727,2.9,food,easy,4.0,morning,summer_only,32.339411,-9.232605,A must-do fine dining experience for visitors to Safi.,284
Marrakesh's Best Historic Site Exploration,Marrakesh,Hivernage,explorer,207,2.2,culture,moderate,4.0,afternoon,year_round,31.616102,-7.941392,A must-do historic site exploration for visitors to Marrakesh.,285
Agadir's Best Sunset Yacht Cruise,Agadir,City Center,comfort_seeker,872,2.2,nature,easy,5.0,afternoon,year_round,30.436922,-9.629565,Immerse yourself in the local City Center area with this nature experience.,286
Unforgettable Historic Site Exploration in Essaouira,Essaouira,Borj,explorer,271,3.9,culture,moderate,3.5,afternoon,year_round,31.478678,-9.746392,A must-do historic site exploration for visitors to Essaouira.,287
Safi's Best Sunset Yacht Cruise,Safi,Nouvelle Ville,comfort_seeker,508,2.9,nature,easy,3.0,afternoon,year_round,32.292401,-9.275743,A must-do sunset yacht cruise for visitors to Safi.,288
Marrakesh Spa Treatment Discovery,Marrakesh,Palmeraie,comfort_seeker,788,2.1,relaxation,easy,3.0,morning,spring_fall,31.628055,-8.013393,Immerse yourself in the local Palmeraie area with this relaxation experience.,289
Traditional Resort Day Pass - Agadir,Agadir,Founty,comfort_seeker,477,7.0,relaxation,easy,3.0,afternoon,spring_fall,30.416092,-9.560507,A must-do resort day pass for visitors to Agadir.,290
Unforgettable Cultural Monument Tour in Essaouira,Essaouira,Port,explorer,108,1.9,culture,easy,3.5,morning,summer_only,31.468568,-9.758501,A must-do cultural monument tour for visitors to Essaouira.,291
Safi Traditional Dinner Show Discovery,Safi,Port Area,food_lover,415,3.2,food,easy,5.0,evening,year_round,32.303851,-9.253789,Experience the authentic flavors and culture of Safi with this traditional dinner show.,292
Traditional Street Food Tour - Marrakesh,Marrakesh,Hivernage,food_lover,199,2.1,food,easy,4.5,morning,year_round,31.643473,-7.946372,Explore the hidden gems of Hivernage with this guided street food tour.,293
Agadir's Best Sunset Yacht Cruise,Agadir,Talborjt,comfort_seeker,754,2.3,nature,easy,4.0,afternoon,year_round,30.447463,-9.588333,Discover the best of Agadir during this unforgettable sunset yacht cruise.,294
Food Market Exploration Adventure - Beach,Essaouira,Beach,food_lover,170,1.5,food,easy,4.5,afternoon,year_round,31.533479,-9.7312,Immerse yourself in the local Beach area with this food experience.,295
Exclusive Cooking Class in Safi,Safi,Beach District,food_lover,452,2.5,food,moderate,3.0,morning,winter_only,32.327355,-9.257097,Immerse yourself in the local Beach District area with this food experience.,296
Exclusive Cooking Class in Marrakesh,Marrakesh,Hivernage,food_lover,487,3.9,food,moderate,3.5,afternoon,year_round,31.672855,-8.019206,Experience the authentic flavors and culture of Marrakesh with this cooking class.,297
Street Food Tour Adventure - Talborjt,Agadir,Talborjt,food_lover,293,2.2,food,easy,3.5,evening,year_round,30.445654,-9.5857,Experience the authentic flavors and culture of Agadir with this street food tour.,298
Sunset Yacht Cruise Adventure - Port,Essaouira,Port,comfort_seeker,524,2.7,nature,easy,3.5,morning,year_round,31.553126,-9.786452,Explore the hidden gems of Port with this guided sunset yacht cruise.,299
Beach District Mountain Excursion,Safi,Beach District,explorer,459,4.7,nature,hard,3.5,morning,year_round,32.288562,-9.209567,Explore the hidden gems of Beach District with this guided mountain excursion.,300
